#,Title,Notes,Tags,Text Overlay,Duration,Date,Pitcher,Hitter,Inning,Score,Runners On Base,Outs,Count,Pitch Result,Pitch Type,Velocity (MPH),BIP Type,BIP Result,Non-BIP Result
1,"Frye, C. VS Teel, K.",Georgetown University vs University of Virginia,,,00:00:02.3,,"Frye, C.","Teel, K.",B5,4-3, - ,0,0-0,Strike Taken,Fastball,0,,,,
2,"Frye, C. VS Teel, K.",Georgetown University vs University of Virginia,,,00:00:02.8,,"Frye, C.","Teel, K.",B5,4-3, - ,0,0-1,Strike Swinging,Curveball,78,,,,
3,"Frye, C. VS Teel, K.",Georgetown University vs University of Virginia,,,00:00:02.3,,"Frye, C.","Teel, K.",B5,4-3, - ,0,0-2,Ball,Fastball,0,,,,
4,"Frye, C. VS Teel, K.",Georgetown University vs University of Virginia,,,00:00:05.7,,"Frye, C.","Teel, K.",B5,4-3, - ,0,1-2,BIP,Curveball,78,Fly Ball,Flyout,,
5,"Frye, C. VS Gelof, J.",Georgetown University vs University of Virginia,,,00:00:01.9,,"Frye, C.","Gelof, J.",B5,4-3, - ,1,0-0,Ball,Fastball,86,,,,
6,"Frye, C. VS Gelof, J.",Georgetown University vs University of Virginia,,,00:00:02.5,,"Frye, C.","Gelof, J.",B5,4-3, - ,1,1-0,Foul,Fastball,0,,,,
7,"Frye, C. VS Gelof, J.",Georgetown University vs University of Virginia,,,00:00:02.6,,"Frye, C.","Gelof, J.",B5,4-3, - ,1,1-1,Ball,Curveball,0,,,,
8,"Frye, C. VS Gelof, J.",Georgetown University vs University of Virginia,,,00:00:07.8,,"Frye, C.","Gelof, J.",B5,4-3, - ,1,2-1,BIP,Fastball,89,Fly Ball,Flyout,,
9,"Frye, C. VS Tappen, A.",Georgetown University vs University of Virginia,,,00:00:02.4,,"Frye, C.","Tappen, A.",B5,4-3, - ,2,0-0,Ball,Fastball,0,,,,
10,"Frye, C. VS Tappen, A.",Georgetown University vs University of Virginia,,,00:00:08.6,,"Frye, C.","Tappen, A.",B5,4-3, - ,2,1-0,BIP,Curveball,76,Fly Ball,Flyout,,
11,"Frye, C. VS Morgan, T.",Virginia Military Institute vs Georgetown University,,,00:00:02.6,,"Frye, C.","Morgan, T.",T7,2-6, - ,0,0-0,Ball,Fastball,0,,,,
12,"Frye, C. VS Morgan, T.",Virginia Military Institute vs Georgetown University,,,00:00:02.1,,"Frye, C.","Morgan, T.",T7,2-6, - ,0,1-0,Ball,Fastball,0,,,,
13,"Frye, C. VS Morgan, T.",Virginia Military Institute vs Georgetown University,,,00:00:01.9,,"Frye, C.","Morgan, T.",T7,2-6, - ,0,2-0,Strike Swinging,Fastball,0,,,,
14,"Frye, C. VS Morgan, T.",Virginia Military Institute vs Georgetown University,,,00:00:01.9,,"Frye, C.","Morgan, T.",T7,2-6, - ,0,2-1,Ball,Fastball,0,,,,
15,"Frye, C. VS Morgan, T.",Virginia Military Institute vs Georgetown University,,,00:00:01.9,,"Frye, C.","Morgan, T.",T7,2-6, - ,0,3-1,Ball,Fastball,0,,,Walk,
16,"Frye, C. VS Cook, B.",Virginia Military Institute vs Georgetown University,,,00:00:02.5,,"Frye, C.","Cook, B.",T7,2-6,1B,0,0-0,Ball,Fastball,0,,,,
17,"Frye, C. VS Cook, B.",Virginia Military Institute vs Georgetown University,,,00:00:02.4,,"Frye, C.","Cook, B.",T7,2-6,2B,0,1-0,Ball,Fastball,0,,,,
18,"Frye, C. VS Cook, B.",Virginia Military Institute vs Georgetown University,,,00:00:02.9,,"Frye, C.","Cook, B.",T7,2-6,2B,0,2-0,Ball,Fastball,0,,,,
19,"Frye, C. VS Cook, B.",Virginia Military Institute vs Georgetown University,,,00:00:02.5,,"Frye, C.","Cook, B.",T7,2-6,2B,0,3-0,Strike Taken,Fastball,0,,,,
20,"Frye, C. VS Cook, B.",Virginia Military Institute vs Georgetown University,,,00:00:04.6,,"Frye, C.","Cook, B.",T7,2-6,2B,0,3-1,Foul,Fastball,0,,,,
21,"Frye, C. VS Cook, B.",Virginia Military Institute vs Georgetown University,,,00:00:02.7,,"Frye, C.","Cook, B.",T7,2-6,2B,0,3-2,Ball,Fastball,0,,,Walk,
22,"Frye, C. VS Stallings, B.",Georgetown University vs George Mason University,,,00:00:02.8,,"Frye, C.","Stallings, B.",B7,5-2, - ,0,0-0,Foul,Fastball,0,,,,
23,"Frye, C. VS Stallings, B.",Georgetown University vs George Mason University,,,00:00:01.2,,"Frye, C.","Stallings, B.",B7,5-2, - ,0,0-1,Strike Swinging,Unknown,0,,,,
24,"Frye, C. VS Stallings, B.",Georgetown University vs George Mason University,,,00:00:01.6,,"Frye, C.","Stallings, B.",B7,5-2, - ,0,0-2,Foul,Curveball,0,,,,
25,"Frye, C. VS Stallings, B.",Georgetown University vs George Mason University,,,00:00:07.0,,"Frye, C.","Stallings, B.",B7,5-2, - ,0,0-2,BIP,Fastball,0,Line Drive,Single,,
26,"Frye, C. VS Trimble, S.",Georgetown University vs George Mason University,,,00:00:01.8,,"Frye, C.","Trimble, S.",B7,5-2,1B,0,0-0,Strike Taken,Curveball,0,,,,
27,"Frye, C. VS Trimble, S.",Georgetown University vs George Mason University,,,00:00:06.3,,"Frye, C.","Trimble, S.",B7,5-2,1B,0,0-1,BIP,Curveball,0,Ground Ball,Groundout,,
28,"Frye, C. VS Pracht, C.",Georgetown University vs George Mason University,,,00:00:01.4,,"Frye, C.","Pracht, C.",B7,5-2,2B,1,0-0,Ball,Fastball,0,,,,
29,"Frye, C. VS Pracht, C.",Georgetown University vs George Mason University,,,00:00:01.5,,"Frye, C.","Pracht, C.",B7,5-2,2B,1,1-0,Strike Taken,Changeup,0,,,,
30,"Frye, C. VS Pracht, C.",Georgetown University vs George Mason University,,,00:00:01.4,,"Frye, C.","Pracht, C.",B7,5-2,2B,1,1-1,Ball,Curveball,0,,,,
31,"Frye, C. VS Pracht, C.",Georgetown University vs George Mason University,,,00:00:02.1,,"Frye, C.","Pracht, C.",B7,5-2,2B,1,2-1,Ball,Fastball,0,,,,
32,"Frye, C. VS Pracht, C.",Georgetown University vs George Mason University,,,00:00:02.0,,"Frye, C.","Pracht, C.",B7,5-2,2B,1,3-1,Foul,Fastball,0,,,,
33,"Frye, C. VS Pracht, C.",Georgetown University vs George Mason University,,,00:00:08.0,,"Frye, C.","Pracht, C.",B7,5-2,2B,1,3-2,BIP,Fastball,0,Ground Ball,Single,,
34,"Frye, C. VS Ahalt, B.",Georgetown University vs George Mason University,,,00:00:01.9,,"Frye, C.","Ahalt, B.",B7,5-3,1B,1,0-0,Strike Taken,Curveball,0,,,,
35,"Frye, C. VS Ahalt, B.",Georgetown University vs George Mason University,,,00:00:01.6,,"Frye, C.","Ahalt, B.",B7,5-3,1B,1,0-1,Ball,Curveball,0,,,,
36,"Frye, C. VS Ahalt, B.",Georgetown University vs George Mason University,,,00:00:01.3,,"Frye, C.","Ahalt, B.",B7,5-3,1B,1,1-1,Ball,Changeup,0,,,,
37,"Frye, C. VS Ahalt, B.",Georgetown University vs George Mason University,,,00:00:01.6,,"Frye, C.","Ahalt, B.",B7,5-3,1B,1,2-1,Foul,Fastball,0,,,,
38,"Frye, C. VS Ahalt, B.",Georgetown University vs George Mason University,,,00:00:03.7,,"Frye, C.","Ahalt, B.",B7,5-3,1B,1,2-2,Strike Swinging,Curveball,0,,,Strikeout,
39,"Frye, C. VS Shliger, L.",Georgetown University vs University of Maryland-College Park,,,00:00:02.9,,"Frye, C.","Shliger, L.",B5,8-4, - ,0,0-0,Foul,Fastball,89,,,,
40,"Frye, C. VS Shliger, L.",Georgetown University vs University of Maryland-College Park,,,00:00:02.9,,"Frye, C.","Shliger, L.",B5,8-4, - ,0,0-1,Strike Swinging,Fastball,90,,,,
41,"Frye, C. VS Shliger, L.",Georgetown University vs University of Maryland-College Park,,,00:00:07.6,,"Frye, C.","Shliger, L.",B5,8-4, - ,0,0-2,BIP,Curveball,76,Ground Ball,Field Error,,
42,"Frye, C. VS Alleyne, C.",Georgetown University vs University of Maryland-College Park,,,00:00:03.9,,"Frye, C.","Alleyne, C.",B5,8-4,1B,0,0-0,Ball,Curveball,76,,,Hit By Pitch,
43,"Frye, C. VS Shaw, M.",Georgetown University vs University of Maryland-College Park,,,00:00:02.6,,"Frye, C.","Shaw, M.",B5,8-4,1B-2B,0,0-0,Strike Taken,Fastball,89,,,,
44,"Frye, C. VS Shaw, M.",Georgetown University vs University of Maryland-College Park,,,00:00:02.5,,"Frye, C.","Shaw, M.",B5,8-4,1B-2B,0,0-1,Strike Taken,Curveball,77,,,,
45,"Frye, C. VS Shaw, M.",Georgetown University vs University of Maryland-College Park,,,00:00:07.0,,"Frye, C.","Shaw, M.",B5,8-4,1B-2B,0,0-2,Strike Swinging,Curveball,77,,,Strikeout,
46,"Frye, C. VS Lorusso, N.",Georgetown University vs University of Maryland-College Park,,,00:00:07.7,,"Frye, C.","Lorusso, N.",B5,8-4,1B-2B,1,0-0,Strike Taken,Curveball,70,,,,
47,"Frye, C. VS Lorusso, N.",Georgetown University vs University of Maryland-College Park,,,00:00:03.2,,"Frye, C.","Lorusso, N.",B5,8-4,2B-3B,1,0-1,Ball,Curveball,77,,,,
48,"Frye, C. VS Lorusso, N.",Georgetown University vs University of Maryland-College Park,,,00:00:02.9,,"Frye, C.","Lorusso, N.",B5,8-4,2B-3B,1,1-1,Strike Swinging,Curveball,77,,,,
49,"Frye, C. VS Lorusso, N.",Georgetown University vs University of Maryland-College Park,,,00:00:03.1,,"Frye, C.","Lorusso, N.",B5,8-4,2B-3B,1,1-2,Ball,Curveball,77,,,,
50,"Frye, C. VS Lorusso, N.",Georgetown University vs University of Maryland-College Park,,,00:00:16.8,,"Frye, C.","Lorusso, N.",B5,8-4,2B-3B,1,2-2,BIP,Curveball,77,Fly Ball,Sacrifice Fly,,
51,"Frye, C. VS Costes, M.",Georgetown University vs University of Maryland-College Park,,,00:00:02.6,,"Frye, C.","Costes, M.",B5,8-5,2B,2,0-0,Ball,Changeup,85,,,,
52,"Frye, C. VS Costes, M.",Georgetown University vs University of Maryland-College Park,,,00:00:02.8,,"Frye, C.","Costes, M.",B5,8-5,2B,2,1-0,Ball,Fastball,87,,,,
53,"Frye, C. VS Costes, M.",Georgetown University vs University of Maryland-College Park,,,00:00:03.1,,"Frye, C.","Costes, M.",B5,8-5,2B,2,2-0,Ball,Curveball,78,,,,
54,"Frye, C. VS Costes, M.",Georgetown University vs University of Maryland-College Park,,,00:00:02.5,,"Frye, C.","Costes, M.",B5,8-5,2B,2,3-0,Strike Taken,Fastball,89,,,,
55,"Frye, C. VS Costes, M.",Georgetown University vs University of Maryland-College Park,,,00:00:07.4,,"Frye, C.","Costes, M.",B5,8-5,2B,2,3-1,BIP,Fastball,90,Ground Ball,Groundout,,
56,"Frye, C. VS Zmarzlak, B.",Georgetown University vs University of Maryland-College Park,,,00:00:02.1,,"Frye, C.","Zmarzlak, B.",B6,9-5, - ,0,0-0,Ball,Fastball,88,,,,
57,"Frye, C. VS Zmarzlak, B.",Georgetown University vs University of Maryland-College Park,,,00:00:02.6,,"Frye, C.","Zmarzlak, B.",B6,9-5, - ,0,1-0,Foul,Fastball,87,,,,
58,"Frye, C. VS Zmarzlak, B.",Georgetown University vs University of Maryland-College Park,,,00:00:02.2,,"Frye, C.","Zmarzlak, B.",B6,9-5, - ,0,1-1,Strike Taken,Curveball,75,,,,
59,"Frye, C. VS Zmarzlak, B.",Georgetown University vs University of Maryland-College Park,,,00:00:06.7,,"Frye, C.","Zmarzlak, B.",B6,9-5, - ,0,1-2,BIP,Curveball,76,Ground Ball,Groundout,,
60,"Frye, C. VS Schreffler, T.",Georgetown University vs University of Maryland-College Park,,,00:00:04.3,,"Frye, C.","Schreffler, T.",B6,9-5, - ,1,0-0,Foul Bunt,Curveball,74,,,,
61,"Frye, C. VS Schreffler, T.",Georgetown University vs University of Maryland-College Park,,,00:00:02.9,,"Frye, C.","Schreffler, T.",B6,9-5, - ,1,0-1,Ball,Curveball,74,,,,
62,"Frye, C. VS Schreffler, T.",Georgetown University vs University of Maryland-College Park,,,00:00:03.1,,"Frye, C.","Schreffler, T.",B6,9-5, - ,1,1-1,Ball,Curveball,75,,,,
63,"Frye, C. VS Schreffler, T.",Georgetown University vs University of Maryland-College Park,,,00:00:02.9,,"Frye, C.","Schreffler, T.",B6,9-5, - ,1,2-1,Ball,Fastball,88,,,,
64,"Frye, C. VS Schreffler, T.",Georgetown University vs University of Maryland-College Park,,,00:00:05.3,,"Frye, C.","Schreffler, T.",B6,9-5, - ,1,3-1,BIP,Fastball,87,Line Drive,Lineout,,
65,"Frye, C. VS Orr, J.",Georgetown University vs University of Maryland-College Park,,,00:00:02.0,,"Frye, C.","Orr, J.",B6,9-5, - ,2,0-0,Foul,Fastball,88,,,,
66,"Frye, C. VS Orr, J.",Georgetown University vs University of Maryland-College Park,,,00:00:02.9,,"Frye, C.","Orr, J.",B6,9-5, - ,2,0-1,Ball,Changeup,83,,,,
67,"Frye, C. VS Orr, J.",Georgetown University vs University of Maryland-College Park,,,00:00:07.8,,"Frye, C.","Orr, J.",B6,9-5, - ,2,1-1,BIP,Curveball,74,Ground Ball,Groundout,,
68,"Frye, C. VS Hebble, C.",University of Massachusetts vs Georgetown University,,,00:00:01.6,,"Frye, C.","Hebble, C.",T6,2-0, - ,0,0-0,Foul,Fastball,85,,,,
69,"Frye, C. VS Hebble, C.",University of Massachusetts vs Georgetown University,,,00:00:07.1,,"Frye, C.","Hebble, C.",T6,2-0, - ,0,0-1,BIP,Changeup,81,Ground Ball,Groundout,,
70,"Frye, C. VS DeMartino, D.",University of Massachusetts vs Georgetown University,,,00:00:01.9,,"Frye, C.","DeMartino, D.",T6,2-0, - ,1,0-0,Strike Swinging,Fastball,85,,,,
71,"Frye, C. VS DeMartino, D.",University of Massachusetts vs Georgetown University,,,00:00:01.9,,"Frye, C.","DeMartino, D.",T6,2-0, - ,1,0-1,Ball,Fastball,86,,,,
72,"Frye, C. VS DeMartino, D.",University of Massachusetts vs Georgetown University,,,00:00:06.1,,"Frye, C.","DeMartino, D.",T6,2-0, - ,1,1-1,BIP,Fastball,82,Ground Ball,Groundout,,
73,"Frye, C. VS Judd, D.",University of Massachusetts vs Georgetown University,,,00:00:03.3,,"Frye, C.","Judd, D.",T6,2-0, - ,2,0-0,Ball,Fastball,82,,,,
74,"Frye, C. VS Judd, D.",University of Massachusetts vs Georgetown University,,,00:00:01.9,,"Frye, C.","Judd, D.",T6,2-0, - ,2,1-0,Strike Swinging,Fastball,87,,,,
75,"Frye, C. VS Judd, D.",University of Massachusetts vs Georgetown University,,,00:00:02.4,,"Frye, C.","Judd, D.",T6,2-0, - ,2,1-1,Ball,Curveball,73,,,,
76,"Frye, C. VS Judd, D.",University of Massachusetts vs Georgetown University,,,00:00:02.3,,"Frye, C.","Judd, D.",T6,2-0, - ,2,2-1,Strike Swinging,Fastball,86,,,,
77,"Frye, C. VS Judd, D.",University of Massachusetts vs Georgetown University,,,00:00:02.1,,"Frye, C.","Judd, D.",T6,2-0, - ,2,2-2,Ball,Fastball,88,,,,
78,"Frye, C. VS Judd, D.",University of Massachusetts vs Georgetown University,,,00:00:03.3,,"Frye, C.","Judd, D.",T6,2-0, - ,2,3-2,Ball,Fastball,87,,,Walk,
79,"Frye, C. VS Gervasi, M.",University of Massachusetts vs Georgetown University,,,00:00:02.6,,"Frye, C.","Gervasi, M.",T6,2-0,1B,2,0-0,Ball,Fastball,85,,,,
80,"Frye, C. VS Gervasi, M.",University of Massachusetts vs Georgetown University,,,00:00:04.2,,"Frye, C.","Gervasi, M.",T6,2-0,1B,2,1-0,Ball,Fastball,86,,,,
81,"Frye, C. VS Gervasi, M.",University of Massachusetts vs Georgetown University,,,00:00:03.5,,"Frye, C.","Gervasi, M.",T6,2-0,1B,2,2-0,Ball,Fastball,87,,,,
82,"Frye, C. VS Gervasi, M.",University of Massachusetts vs Georgetown University,,,00:00:02.7,,"Frye, C.","Gervasi, M.",T6,2-0,1B,2,3-0,Strike Taken,Fastball,86,,,,
83,"Frye, C. VS Gervasi, M.",University of Massachusetts vs Georgetown University,,,00:00:03.1,,"Frye, C.","Gervasi, M.",T6,2-0,1B,2,3-1,Strike Taken,Fastball,86,,,,
84,"Frye, C. VS Gervasi, M.",University of Massachusetts vs Georgetown University,,,00:00:07.9,,"Frye, C.","Gervasi, M.",T6,2-0,1B,2,3-2,BIP,Fastball,88,Fly Ball,Flyout,,
85,"Frye, C. VS Wilde, A.",University of Massachusetts vs Georgetown University,,,00:00:02.5,,"Frye, C.","Wilde, A.",T7,2-0, - ,0,0-0,Strike Taken,Changeup,83,,,,
86,"Frye, C. VS Wilde, A.",University of Massachusetts vs Georgetown University,,,00:00:02.9,,"Frye, C.","Wilde, A.",T7,2-0, - ,0,0-1,Ball,Changeup,80,,,,
87,"Frye, C. VS Wilde, A.",University of Massachusetts vs Georgetown University,,,00:00:02.7,,"Frye, C.","Wilde, A.",T7,2-0, - ,0,1-1,Foul,Changeup,81,,,,
88,"Frye, C. VS Wilde, A.",University of Massachusetts vs Georgetown University,,,00:00:02.8,,"Frye, C.","Wilde, A.",T7,2-0, - ,0,1-2,Foul,Curveball,71,,,,
89,"Frye, C. VS Wilde, A.",University of Massachusetts vs Georgetown University,,,00:00:02.2,,"Frye, C.","Wilde, A.",T7,2-0, - ,0,1-2,Foul,Changeup,80,,,,
90,"Frye, C. VS Wilde, A.",University of Massachusetts vs Georgetown University,,,00:00:07.9,,"Frye, C.","Wilde, A.",T7,2-0, - ,0,1-2,Strike Swinging,Curveball,72,,,Strikeout,
91,"Frye, C. VS Skagerlind, K.",University of Massachusetts vs Georgetown University,,,00:00:02.5,,"Frye, C.","Skagerlind, K.",T7,2-0, - ,1,0-0,Ball,Fastball,84,,,,
92,"Frye, C. VS Skagerlind, K.",University of Massachusetts vs Georgetown University,,,00:00:02.6,,"Frye, C.","Skagerlind, K.",T7,2-0, - ,1,1-0,Ball,Fastball,84,,,,
93,"Frye, C. VS Skagerlind, K.",University of Massachusetts vs Georgetown University,,,00:00:02.2,,"Frye, C.","Skagerlind, K.",T7,2-0, - ,1,2-0,Foul,Fastball,84,,,,
94,"Frye, C. VS Skagerlind, K.",University of Massachusetts vs Georgetown University,,,00:00:02.9,,"Frye, C.","Skagerlind, K.",T7,2-0, - ,1,2-1,Foul,Slider,81,,,,
95,"Frye, C. VS Skagerlind, K.",University of Massachusetts vs Georgetown University,,,00:00:03.5,,"Frye, C.","Skagerlind, K.",T7,2-0, - ,1,2-2,Ball,Curveball,71,,,,
96,"Frye, C. VS Skagerlind, K.",University of Massachusetts vs Georgetown University,,,00:00:06.5,,"Frye, C.","Skagerlind, K.",T7,2-0, - ,1,3-2,Strike Swinging,Curveball,70,,,Strikeout,
97,"Frye, C. VS Luttazi, S.",University of Massachusetts vs Georgetown University,,,00:00:02.3,,"Frye, C.","Luttazi, S.",T7,2-0, - ,2,0-0,Strike Taken,Slider,80,,,,
98,"Frye, C. VS Luttazi, S.",University of Massachusetts vs Georgetown University,,,00:00:02.3,,"Frye, C.","Luttazi, S.",T7,2-0, - ,2,0-1,Ball,Slider,80,,,,
99,"Frye, C. VS Luttazi, S.",University of Massachusetts vs Georgetown University,,,00:00:02.8,,"Frye, C.","Luttazi, S.",T7,2-0, - ,2,1-1,Ball,Fastball,85,,,,
100,"Frye, C. VS Luttazi, S.",University of Massachusetts vs Georgetown University,,,00:00:07.1,,"Frye, C.","Luttazi, S.",T7,2-0, - ,2,2-1,BIP,Fastball,84,Ground Ball,Groundout,,
101,"Frye, C. VS Council, J.",Georgetown University vs Norfolk State University,,,00:00:09.0,,"Frye, C.","Council, J.",B4,7-5,2B,2,0-0,BIP,Fastball,0,Fly Ball,Flyout,,
102,"Frye, C. VS Brandon, T.",Georgetown University vs Norfolk State University,,,00:00:02.5,,"Frye, C.","Brandon, T.",B5,11-5, - ,0,0-0,Strike Taken,Fastball,0,,,,
103,"Frye, C. VS Brandon, T.",Georgetown University vs Norfolk State University,,,00:00:02.8,,"Frye, C.","Brandon, T.",B5,11-5, - ,0,0-1,Ball,Fastball,0,,,,
104,"Frye, C. VS Brandon, T.",Georgetown University vs Norfolk State University,,,00:00:03.2,,"Frye, C.","Brandon, T.",B5,11-5, - ,0,1-1,Ball,Curveball,0,,,,
105,"Frye, C. VS Brandon, T.",Georgetown University vs Norfolk State University,,,00:00:09.8,,"Frye, C.","Brandon, T.",B5,11-5, - ,0,2-1,BIP,Fastball,0,Line Drive,Double,,
106,"Frye, C. VS Woods, T.",Georgetown University vs Norfolk State University,,,00:00:04.8,,"Frye, C.","Woods, T.",B5,11-5,2B,0,0-0,Strike Swinging,Curveball,0,,,,
107,"Frye, C. VS Woods, T.",Georgetown University vs Norfolk State University,,,00:00:03.2,,"Frye, C.","Woods, T.",B5,11-5,2B,0,0-1,Ball,Fastball,0,,,,
108,"Frye, C. VS Woods, T.",Georgetown University vs Norfolk State University,,,00:00:03.6,,"Frye, C.","Woods, T.",B5,11-5,2B,0,1-1,Ball,Curveball,0,,,,
109,"Frye, C. VS Woods, T.",Georgetown University vs Norfolk State University,,,00:00:02.9,,"Frye, C.","Woods, T.",B5,11-5,2B,0,2-1,Strike Taken,Fastball,0,,,,
110,"Frye, C. VS Woods, T.",Georgetown University vs Norfolk State University,,,00:00:02.8,,"Frye, C.","Woods, T.",B5,11-5,2B,0,2-2,Ball,Fastball,0,,,,
111,"Frye, C. VS Woods, T.",Georgetown University vs Norfolk State University,,,00:00:04.3,,"Frye, C.","Woods, T.",B5,11-5,2B,0,3-2,Strike Taken,Fastball,0,,,Strikeout,
112,"Frye, C. VS Boykin, P.",Georgetown University vs Norfolk State University,,,00:00:03.2,,"Frye, C.","Boykin, P.",B5,11-5,2B,1,0-0,Ball,Curveball,0,,,,
113,"Frye, C. VS Boykin, P.",Georgetown University vs Norfolk State University,,,00:00:04.3,,"Frye, C.","Boykin, P.",B5,11-5,2B,1,1-0,Strike Swinging,Fastball,0,,,,
114,"Frye, C. VS Boykin, P.",Georgetown University vs Norfolk State University,,,00:00:02.9,,"Frye, C.","Boykin, P.",B5,11-5, - ,2,1-1,Ball,Fastball,0,,,,
115,"Frye, C. VS Boykin, P.",Georgetown University vs Norfolk State University,,,00:00:04.2,,"Frye, C.","Boykin, P.",B5,11-5, - ,2,2-1,Strike Swinging,Fastball,0,,,,
116,"Frye, C. VS Boykin, P.",Georgetown University vs Norfolk State University,,,00:00:03.2,,"Frye, C.","Boykin, P.",B5,11-5, - ,2,2-2,Strike Swinging,Fastball,0,,,Strikeout,
117,"Frye, C. VS Singh, K.",Georgetown University vs Norfolk State University,,,00:00:02.7,,"Frye, C.","Singh, K.",B6,12-5, - ,0,0-0,Ball,Fastball,0,,,,
118,"Frye, C. VS Singh, K.",Georgetown University vs Norfolk State University,,,00:00:02.9,,"Frye, C.","Singh, K.",B6,12-5, - ,0,1-0,Ball,Fastball,0,,,,
119,"Frye, C. VS Singh, K.",Georgetown University vs Norfolk State University,,,00:00:02.4,,"Frye, C.","Singh, K.",B6,12-5, - ,0,2-0,Strike Taken,Fastball,0,,,,
120,"Frye, C. VS Singh, K.",Georgetown University vs Norfolk State University,,,00:00:02.8,,"Frye, C.","Singh, K.",B6,12-5, - ,0,2-1,Ball,Fastball,0,,,,
121,"Frye, C. VS Singh, K.",Georgetown University vs Norfolk State University,,,00:00:02.3,,"Frye, C.","Singh, K.",B6,12-5, - ,0,3-1,Strike Swinging,Fastball,0,,,,
122,"Frye, C. VS Singh, K.",Georgetown University vs Norfolk State University,,,00:00:01.7,,"Frye, C.","Singh, K.",B6,12-5, - ,0,3-2,Foul,Fastball,0,,,,
123,"Frye, C. VS Singh, K.",Georgetown University vs Norfolk State University,,,00:00:02.9,,"Frye, C.","Singh, K.",B6,12-5, - ,0,3-2,Foul,Fastball,0,,,,
124,"Frye, C. VS Singh, K.",Georgetown University vs Norfolk State University,,,00:00:03.1,,"Frye, C.","Singh, K.",B6,12-5, - ,0,3-2,Foul,Fastball,0,,,,
125,"Frye, C. VS Singh, K.",Georgetown University vs Norfolk State University,,,00:00:07.1,,"Frye, C.","Singh, K.",B6,12-5, - ,0,3-2,BIP,Changeup,0,Line Drive,Single,,
126,"Frye, C. VS Hong, M.",Georgetown University vs Norfolk State University,,,00:00:02.4,,"Frye, C.","Hong, M.",B6,12-5,1B,0,0-0,Ball,Curveball,0,,,,
127,"Frye, C. VS Hong, M.",Georgetown University vs Norfolk State University,,,00:00:03.2,,"Frye, C.","Hong, M.",B6,12-5,1B,0,1-0,Ball,Fastball,0,,,,
128,"Frye, C. VS Hong, M.",Georgetown University vs Norfolk State University,,,00:00:02.6,,"Frye, C.","Hong, M.",B6,12-5,1B,0,2-0,Strike Taken,Fastball,0,,,,
129,"Frye, C. VS Hong, M.",Georgetown University vs Norfolk State University,,,00:00:02.9,,"Frye, C.","Hong, M.",B6,12-5,1B,0,2-1,Ball,Fastball,0,,,,
130,"Frye, C. VS Hong, M.",Georgetown University vs Norfolk State University,,,00:00:02.3,,"Frye, C.","Hong, M.",B6,12-5,1B,0,3-1,Strike Taken,Fastball,0,,,,
131,"Frye, C. VS Hong, M.",Georgetown University vs Norfolk State University,,,00:00:05.6,,"Frye, C.","Hong, M.",B6,12-5,1B,0,3-2,BIP,Fastball,0,Fly Ball,Single,,
132,"Frye, C. VS Cleveland, B.",Georgetown University vs Norfolk State University,,,00:00:02.3,,"Frye, C.","Cleveland, B.",B6,12-5,1B-2B,0,0-0,Strike Taken,Curveball,0,,,,
133,"Frye, C. VS Cleveland, B.",Georgetown University vs Norfolk State University,,,00:00:02.0,,"Frye, C.","Cleveland, B.",B6,12-5,1B-2B,0,0-1,Ball,Curveball,0,,,,
134,"Frye, C. VS Cleveland, B.",Georgetown University vs Norfolk State University,,,00:00:03.4,,"Frye, C.","Cleveland, B.",B6,12-5,1B-2B,0,1-1,Strike Swinging,Curveball,0,,,,
135,"Frye, C. VS Cleveland, B.",Georgetown University vs Norfolk State University,,,00:00:03.9,,"Frye, C.","Cleveland, B.",B6,12-5,1B-2B,0,1-2,Ball,Fastball,0,,,,
136,"Frye, C. VS Cleveland, B.",Georgetown University vs Norfolk State University,,,00:00:02.8,,"Frye, C.","Cleveland, B.",B6,12-5,1B-2B,0,2-2,Foul,Curveball,0,,,,
137,"Frye, C. VS Cleveland, B.",Georgetown University vs Norfolk State University,,,00:00:02.8,,"Frye, C.","Cleveland, B.",B6,12-5,1B-2B,0,2-2,Foul,Fastball,0,,,,
138,"Frye, C. VS Cleveland, B.",Georgetown University vs Norfolk State University,,,00:00:03.0,,"Frye, C.","Cleveland, B.",B6,12-5,1B-2B,0,2-2,Ball,Fastball,0,,,,
139,"Frye, C. VS Cleveland, B.",Georgetown University vs Norfolk State University,,,00:00:02.7,,"Frye, C.","Cleveland, B.",B6,12-5,1B-2B,0,3-2,Foul,Fastball,0,,,,
140,"Frye, C. VS Cleveland, B.",Georgetown University vs Norfolk State University,,,00:00:07.8,,"Frye, C.","Cleveland, B.",B6,12-5,1B-2B,0,3-2,Foul,Curveball,0,,,,
141,"Frye, C. VS Cleveland, B.",Georgetown University vs Norfolk State University,,,00:00:04.8,,"Frye, C.","Cleveland, B.",B6,12-5,1B-2B,0,3-2,Strike Swinging,Fastball,0,,,Strikeout,
142,"Frye, C. VS Corona, D.",Georgetown University vs Wake Forest University,,,00:00:02.7,,"Frye, C.","Corona, D.",B4,0-6,1B-2B-3B,1,0-0,Foul,Fastball,91,,,,
143,"Frye, C. VS Corona, D.",Georgetown University vs Wake Forest University,,,00:00:03.7,,"Frye, C.","Corona, D.",B4,0-6,1B-2B-3B,1,0-1,Strike Taken,Fastball,91,,,,
144,"Frye, C. VS Corona, D.",Georgetown University vs Wake Forest University,,,00:00:11.8,,"Frye, C.","Corona, D.",B4,0-6,1B-2B-3B,1,0-2,BIP,Fastball,91,Fly Ball,Sacrifice Fly,,
145,"Frye, C. VS Reinisch, J.",Georgetown University vs Wake Forest University,,,00:00:02.1,,"Frye, C.","Reinisch, J.",B4,0-7,1B-2B,2,0-0,Strike Taken,Fastball,90,,,,
146,"Frye, C. VS Reinisch, J.",Georgetown University vs Wake Forest University,,,00:00:03.1,,"Frye, C.","Reinisch, J.",B4,0-7,1B-2B,2,0-1,Ball,Curveball,78,,,,
147,"Frye, C. VS Reinisch, J.",Georgetown University vs Wake Forest University,,,00:00:02.4,,"Frye, C.","Reinisch, J.",B4,0-7,1B-2B,2,1-1,Ball,Fastball,90,,,,
148,"Frye, C. VS Reinisch, J.",Georgetown University vs Wake Forest University,,,00:00:01.9,,"Frye, C.","Reinisch, J.",B4,0-7,1B-2B,2,2-1,Strike Swinging,Fastball,90,,,,
149,"Frye, C. VS Reinisch, J.",Georgetown University vs Wake Forest University,,,00:00:07.1,,"Frye, C.","Reinisch, J.",B4,0-7,1B-2B,2,2-2,Ball,Fastball,92,,,,
150,"Frye, C. VS Reinisch, J.",Georgetown University vs Wake Forest University,,,00:00:02.8,,"Frye, C.","Reinisch, J.",B4,0-7,2B-3B,2,3-2,Ball,Curveball,78,,,Walk,
151,"Frye, C. VS Hawke, T.",Georgetown University vs Wake Forest University,,,00:00:02.0,,"Frye, C.","Hawke, T.",B4,0-7,1B-2B-3B,2,0-0,Strike Taken,Fastball,89,,,,
152,"Frye, C. VS Hawke, T.",Georgetown University vs Wake Forest University,,,00:00:01.6,,"Frye, C.","Hawke, T.",B4,0-7,1B-2B-3B,2,0-1,Ball,Fastball,89,,,,
153,"Frye, C. VS Hawke, T.",Georgetown University vs Wake Forest University,,,00:00:06.5,,"Frye, C.","Hawke, T.",B4,0-7,1B-2B-3B,2,1-1,Strike Swinging,Curveball,75,,,,
154,"Frye, C. VS Hawke, T.",Georgetown University vs Wake Forest University,,,00:00:02.2,,"Frye, C.","Hawke, T.",B4,0-7,1B-2B-3B,2,1-2,Ball,Fastball,91,,,,
155,"Frye, C. VS Hawke, T.",Georgetown University vs Wake Forest University,,,00:00:02.8,,"Frye, C.","Hawke, T.",B4,0-7,1B-2B-3B,2,2-2,Strike Taken,Fastball,90,,,Strikeout,
156,"Frye, C. VS Costello, L.",Georgetown University vs Wake Forest University,,,00:00:07.4,,"Frye, C.","Costello, L.",B5,1-7, - ,0,0-0,BIP,Fastball,89,Fly Ball,Flyout,,
157,"Frye, C. VS Turconi, M.",Georgetown University vs Wake Forest University,,,00:00:01.7,,"Frye, C.","Turconi, M.",B5,1-7, - ,1,0-0,Ball,Curveball,75,,,,
158,"Frye, C. VS Turconi, M.",Georgetown University vs Wake Forest University,,,00:00:01.9,,"Frye, C.","Turconi, M.",B5,1-7, - ,1,1-0,Ball,Fastball,89,,,,
159,"Frye, C. VS Turconi, M.",Georgetown University vs Wake Forest University,,,00:00:02.2,,"Frye, C.","Turconi, M.",B5,1-7, - ,1,2-0,Foul,Fastball,88,,,,
160,"Frye, C. VS Turconi, M.",Georgetown University vs Wake Forest University,,,00:00:02.5,,"Frye, C.","Turconi, M.",B5,1-7, - ,1,2-1,Ball,Fastball,90,,,,
161,"Frye, C. VS Turconi, M.",Georgetown University vs Wake Forest University,,,00:00:02.3,,"Frye, C.","Turconi, M.",B5,1-7, - ,1,3-1,Strike Taken,Changeup,83,,,,
162,"Frye, C. VS Turconi, M.",Georgetown University vs Wake Forest University,,,00:00:02.8,,"Frye, C.","Turconi, M.",B5,1-7, - ,1,3-2,Foul,Fastball,87,,,,
163,"Frye, C. VS Turconi, M.",Georgetown University vs Wake Forest University,,,00:00:02.4,,"Frye, C.","Turconi, M.",B5,1-7, - ,1,3-2,Ball,Fastball,88,,,Walk,
164,"Frye, C. VS Wilken, B.",Georgetown University vs Wake Forest University,,,00:00:09.9,,"Frye, C.","Wilken, B.",B5,1-7,1B,1,0-0,BIP,Fastball,88,Fly Ball,Flyout,,
165,"Frye, C. VS Cecere, A.",Georgetown University vs Wake Forest University,,,00:00:02.5,,"Frye, C.","Cecere, A.",B5,1-7,1B,2,0-0,Ball,Curveball,77,,,,
166,"Frye, C. VS Cecere, A.",Georgetown University vs Wake Forest University,,,00:00:02.3,,"Frye, C.","Cecere, A.",B5,1-7,1B,2,1-0,Ball,Curveball,75,,,,
167,"Frye, C. VS Cecere, A.",Georgetown University vs Wake Forest University,,,00:00:03.3,,"Frye, C.","Cecere, A.",B5,1-7,1B,2,2-0,Foul,Fastball,87,,,,
168,"Frye, C. VS Cecere, A.",Georgetown University vs Wake Forest University,,,00:00:05.0,,"Frye, C.","Cecere, A.",B5,1-7,1B,2,2-1,Ball,Changeup,85,,,,
169,"Frye, C. VS Cecere, A.",Georgetown University vs Wake Forest University,,,00:00:02.3,,"Frye, C.","Cecere, A.",B5,1-7,2B,2,3-1,Ball,Changeup,82,,,Walk,
170,"Frye, C. VS Tinsman, B.",Georgetown University vs Wake Forest University,,,00:00:02.3,,"Frye, C.","Tinsman, B.",B5,1-7,1B-2B,2,0-0,Ball,Fastball,88,,,,
171,"Frye, C. VS Tinsman, B.",Georgetown University vs Wake Forest University,,,00:00:08.4,,"Frye, C.","Tinsman, B.",B5,1-7,1B-2B,2,1-0,BIP,Fastball,88,Ground Ball,Field Error,,
172,"Frye, C. VS Bottcher, M.",Georgetown University vs University of Illinois-Chicago,,,00:00:02.4,,"Frye, C.","Bottcher, M.",B8,11-3,1B-2B-3B,2,0-0,Ball,Fastball,0,,,,
173,"Frye, C. VS Bottcher, M.",Georgetown University vs University of Illinois-Chicago,,,00:00:02.3,,"Frye, C.","Bottcher, M.",B8,11-3,1B-2B-3B,2,1-0,Ball,Fastball,0,,,,
174,"Frye, C. VS Bottcher, M.",Georgetown University vs University of Illinois-Chicago,,,00:00:02.4,,"Frye, C.","Bottcher, M.",B8,11-3,1B-2B-3B,2,2-0,Ball,Fastball,0,,,,
175,"Frye, C. VS Bottcher, M.",Georgetown University vs University of Illinois-Chicago,,,00:00:02.4,,"Frye, C.","Bottcher, M.",B8,11-3,1B-2B-3B,2,3-0,Strike Taken,Fastball,0,,,,
176,"Frye, C. VS Bottcher, M.",Georgetown University vs University of Illinois-Chicago,,,00:00:03.4,,"Frye, C.","Bottcher, M.",B8,11-3,1B-2B-3B,2,3-1,Foul,Fastball,0,,,,
177,"Frye, C. VS Bottcher, M.",Georgetown University vs University of Illinois-Chicago,,,00:00:09.5,,"Frye, C.","Bottcher, M.",B8,11-3,1B-2B-3B,2,3-2,Ball,Fastball,0,,,Hit By Pitch,
178,"Frye, C. VS Franczak, A.",Georgetown University vs University of Illinois-Chicago,,,00:00:02.3,,"Frye, C.","Franczak, A.",B8,11-4,1B-2B-3B,2,0-0,Strike Taken,Fastball,0,,,,
179,"Frye, C. VS Franczak, A.",Georgetown University vs University of Illinois-Chicago,,,00:00:02.5,,"Frye, C.","Franczak, A.",B8,11-4,1B-2B-3B,2,0-1,Strike Taken,Curveball,0,,,,
180,"Frye, C. VS Franczak, A.",Georgetown University vs University of Illinois-Chicago,,,00:00:02.3,,"Frye, C.","Franczak, A.",B8,11-4,1B-2B-3B,2,0-2,Ball,Fastball,0,,,,
181,"Frye, C. VS Franczak, A.",Georgetown University vs University of Illinois-Chicago,,,00:00:03.1,,"Frye, C.","Franczak, A.",B8,11-4,1B-2B-3B,2,1-2,Foul,Curveball,0,,,,
182,"Frye, C. VS Franczak, A.",Georgetown University vs University of Illinois-Chicago,,,00:00:04.1,,"Frye, C.","Franczak, A.",B8,11-4,1B-2B-3B,2,1-2,Ball,Fastball,0,,,,
183,"Frye, C. VS Franczak, A.",Georgetown University vs University of Illinois-Chicago,,,00:00:02.6,,"Frye, C.","Franczak, A.",B8,11-4,1B-2B-3B,2,2-2,Strike Swinging,Fastball,0,,,Strikeout,
184,"Frye, C. VS Dee, A.",Georgetown University vs University of Illinois-Chicago,,,00:00:02.4,,"Frye, C.","Dee, A.",B9,11-4, - ,0,0-0,Strike Taken,Fastball,0,,,,
185,"Frye, C. VS Dee, A.",Georgetown University vs University of Illinois-Chicago,,,00:00:02.2,,"Frye, C.","Dee, A.",B9,11-4, - ,0,0-1,Strike Swinging,Fastball,0,,,,
186,"Frye, C. VS Dee, A.",Georgetown University vs University of Illinois-Chicago,,,00:00:02.8,,"Frye, C.","Dee, A.",B9,11-4, - ,0,0-2,Foul,Curveball,0,,,,
187,"Frye, C. VS Dee, A.",Georgetown University vs University of Illinois-Chicago,,,00:00:04.3,,"Frye, C.","Dee, A.",B9,11-4, - ,0,0-2,BIP,Fastball,0,Fly Ball,Flyout,,
188,"Frye, C. VS Tressen, B.",Georgetown University vs University of Illinois-Chicago,,,00:00:02.9,,"Frye, C.","Tressen, B.",B9,11-4, - ,1,0-0,Foul,Fastball,0,,,,
189,"Frye, C. VS Tressen, B.",Georgetown University vs University of Illinois-Chicago,,,00:00:02.6,,"Frye, C.","Tressen, B.",B9,11-4, - ,1,0-1,Ball,Curveball,0,,,,
190,"Frye, C. VS Tressen, B.",Georgetown University vs University of Illinois-Chicago,,,00:00:02.2,,"Frye, C.","Tressen, B.",B9,11-4, - ,1,1-1,Ball,Fastball,0,,,,
191,"Frye, C. VS Tressen, B.",Georgetown University vs University of Illinois-Chicago,,,00:00:03.0,,"Frye, C.","Tressen, B.",B9,11-4, - ,1,2-1,Foul,Fastball,0,,,,
192,"Frye, C. VS Tressen, B.",Georgetown University vs University of Illinois-Chicago,,,00:00:02.4,,"Frye, C.","Tressen, B.",B9,11-4, - ,1,2-2,Ball,Fastball,0,,,,
193,"Frye, C. VS Tressen, B.",Georgetown University vs University of Illinois-Chicago,,,00:00:02.9,,"Frye, C.","Tressen, B.",B9,11-4, - ,1,3-2,Ball,Fastball,0,,,Walk,
194,"Frye, C. VS Tharp, B.",Georgetown University vs University of Illinois-Chicago,,,00:00:02.3,,"Frye, C.","Tharp, B.",B9,11-4,1B,1,0-0,Ball,Fastball,0,,,,
195,"Frye, C. VS Tharp, B.",Georgetown University vs University of Illinois-Chicago,,,00:00:02.2,,"Frye, C.","Tharp, B.",B9,11-4,1B,1,1-0,Strike Taken,Fastball,0,,,,
196,"Frye, C. VS Tharp, B.",Georgetown University vs University of Illinois-Chicago,,,00:00:02.4,,"Frye, C.","Tharp, B.",B9,11-4,1B,1,1-1,Strike Taken,Fastball,0,,,,
197,"Frye, C. VS Tharp, B.",Georgetown University vs University of Illinois-Chicago,,,00:00:05.9,,"Frye, C.","Tharp, B.",B9,11-4,1B,1,1-2,Ball,Curveball,0,,,,
198,"Frye, C. VS Tharp, B.",Georgetown University vs University of Illinois-Chicago,,,00:00:03.5,,"Frye, C.","Tharp, B.",B9,11-4,2B,1,2-2,Foul,Fastball,0,,,,
199,"Frye, C. VS Tharp, B.",Georgetown University vs University of Illinois-Chicago,,,00:00:02.3,,"Frye, C.","Tharp, B.",B9,11-4,2B,1,2-2,Strike Swinging,Fastball,0,,,Strikeout,
200,"Frye, C. VS Trehub, M.",Georgetown University vs College of William & Mary,,,00:00:02.8,,"Frye, C.","Trehub, M.",B6,2-12,1B-2B,2,0-0,Strike Taken,Fastball,0,,,,
201,"Frye, C. VS Trehub, M.",Georgetown University vs College of William & Mary,,,00:00:03.2,,"Frye, C.","Trehub, M.",B6,2-12,1B-2B,2,0-1,Foul,Curveball,0,,,,
202,"Frye, C. VS Trehub, M.",Georgetown University vs College of William & Mary,,,00:00:08.9,,"Frye, C.","Trehub, M.",B6,2-12,1B-2B,2,0-2,BIP,Fastball,0,Line Drive,Single,,
203,"Frye, C. VS Ragone, C.",Georgetown University vs College of William & Mary,,,00:00:04.3,,"Frye, C.","Ragone, C.",B6,2-13,1B-3B,2,0-0,Ball,Fastball,0,,,,
204,"Frye, C. VS Ragone, C.",Georgetown University vs College of William & Mary,,,00:00:05.3,,"Frye, C.","Ragone, C.",B6,2-13,1B-3B,2,1-0,BIP,Curveball,0,Ground Ball,Groundout,,
205,"Frye, C. VS Hogarth, D.",Georgetown University vs College of William & Mary,,,00:00:04.3,,"Frye, C.","Hogarth, D.",B7,2-13, - ,0,0-0,BIP,Fastball,0,Ground Ball,Groundout,,
206,"Frye, C. VS Williamson, B.",Georgetown University vs College of William & Mary,,,00:00:02.9,,"Frye, C.","Williamson, B.",B7,2-13, - ,1,0-0,Ball,Fastball,0,,,,
207,"Frye, C. VS Williamson, B.",Georgetown University vs College of William & Mary,,,00:00:05.6,,"Frye, C.","Williamson, B.",B7,2-13, - ,1,1-0,BIP,Fastball,0,Line Drive,Single,,
208,"Frye, C. VS Mcdermott, M.",Georgetown University vs College of William & Mary,,,00:00:03.9,,"Frye, C.","Mcdermott, M.",B7,2-13,1B,1,0-0,Ball,Curveball,0,,,,
209,"Frye, C. VS Mcdermott, M.",Georgetown University vs College of William & Mary,,,00:00:01.9,,"Frye, C.","Mcdermott, M.",B7,2-13,1B,1,1-0,Strike Taken,Fastball,0,,,,
210,"Frye, C. VS Mcdermott, M.",Georgetown University vs College of William & Mary,,,00:00:02.8,,"Frye, C.","Mcdermott, M.",B7,2-13,1B,1,1-1,Ball,Curveball,0,,,,
211,"Frye, C. VS Mcdermott, M.",Georgetown University vs College of William & Mary,,,00:00:06.2,,"Frye, C.","Mcdermott, M.",B7,2-13,1B,1,2-1,BIP,Fastball,0,Ground Ball,Single,,
212,"Frye, C. VS Thomas, M.",Georgetown University vs College of William & Mary,,,00:00:02.7,,"Frye, C.","Thomas, M.",B7,2-13,1B-2B,1,0-0,Ball,Curveball,0,,,,
213,"Frye, C. VS Thomas, M.",Georgetown University vs College of William & Mary,,,00:00:03.0,,"Frye, C.","Thomas, M.",B7,2-13,1B-2B,1,1-0,Foul,Fastball,0,,,,
214,"Frye, C. VS Thomas, M.",Georgetown University vs College of William & Mary,,,00:00:03.2,,"Frye, C.","Thomas, M.",B7,2-13,1B-2B,1,1-1,Strike Taken,Fastball,0,,,,
215,"Frye, C. VS Thomas, M.",Georgetown University vs College of William & Mary,,,00:00:04.7,,"Frye, C.","Thomas, M.",B7,2-13,1B-2B,1,1-2,Ball,Curveball,0,,,,
216,"Frye, C. VS Thomas, M.",Georgetown University vs College of William & Mary,,,00:00:04.5,,"Frye, C.","Thomas, M.",B7,2-13,1B-2B,1,2-2,BIP,Fastball,0,Line Drive,Lined Into Double Play,,
217,"Frye, C. VS Leckie, D.",Georgetown University vs University of Richmond,,,00:00:01.7,,"Frye, C.","Leckie, D.",B10,11-7,1B-2B,2,0-0,Strike Taken,Curveball,77,,,,
218,"Frye, C. VS Leckie, D.",Georgetown University vs University of Richmond,,,00:00:01.6,,"Frye, C.","Leckie, D.",B10,11-7,1B-2B,2,0-1,Strike Taken,Fastball,93,,,,
219,"Frye, C. VS Leckie, D.",Georgetown University vs University of Richmond,,,00:00:01.8,,"Frye, C.","Leckie, D.",B10,11-7,1B-2B,2,0-2,Strike Swinging,Curveball,78,,,Strikeout,
220,"Frye, C. VS Fergus, C.",Georgetown University vs George Washington University,,,00:00:02.2,,"Frye, C.","Fergus, C.",B1,0-0, - ,0,0-0,Strike Taken,Fastball,86,,,,
221,"Frye, C. VS Fergus, C.",Georgetown University vs George Washington University,,,00:00:02.1,,"Frye, C.","Fergus, C.",B1,0-0, - ,0,0-1,Ball,Slider,77,,,,
222,"Frye, C. VS Fergus, C.",Georgetown University vs George Washington University,,,00:00:02.0,,"Frye, C.","Fergus, C.",B1,0-0, - ,0,1-1,Foul,Fastball,88,,,,
223,"Frye, C. VS Fergus, C.",Georgetown University vs George Washington University,,,00:00:02.1,,"Frye, C.","Fergus, C.",B1,0-0, - ,0,1-2,Ball,Curveball,73,,,,
224,"Frye, C. VS Fergus, C.",Georgetown University vs George Washington University,,,00:00:01.8,,"Frye, C.","Fergus, C.",B1,0-0, - ,0,2-2,Ball,Fastball,88,,,,
225,"Frye, C. VS Fergus, C.",Georgetown University vs George Washington University,,,00:00:03.4,,"Frye, C.","Fergus, C.",B1,0-0, - ,0,3-2,Strike Taken,Fastball,87,,,Strikeout,
226,"Frye, C. VS Barmakian, S.",Georgetown University vs George Washington University,,,00:00:01.6,,"Frye, C.","Barmakian, S.",B1,0-0, - ,1,0-0,Ball,Fastball,85,,,,
227,"Frye, C. VS Barmakian, S.",Georgetown University vs George Washington University,,,00:00:02.3,,"Frye, C.","Barmakian, S.",B1,0-0, - ,1,1-0,Strike Taken,Changeup,81,,,,
228,"Frye, C. VS Barmakian, S.",Georgetown University vs George Washington University,,,00:00:06.6,,"Frye, C.","Barmakian, S.",B1,0-0, - ,1,1-1,BIP,Fastball,89,Ground Ball,Groundout,,
229,"Frye, C. VS Hix, T.",Georgetown University vs George Washington University,,,00:00:01.9,,"Frye, C.","Hix, T.",B1,0-0, - ,2,0-0,Strike Taken,Curveball,73,,,,
230,"Frye, C. VS Hix, T.",Georgetown University vs George Washington University,,,00:00:01.9,,"Frye, C.","Hix, T.",B1,0-0, - ,2,0-1,Ball,Fastball,86,,,,
231,"Frye, C. VS Hix, T.",Georgetown University vs George Washington University,,,00:00:01.8,,"Frye, C.","Hix, T.",B1,0-0, - ,2,1-1,Ball,Changeup,83,,,,
232,"Frye, C. VS Hix, T.",Georgetown University vs George Washington University,,,00:00:01.9,,"Frye, C.","Hix, T.",B1,0-0, - ,2,2-1,Ball,Fastball,87,,,Walk,
233,"Frye, C. VS Boselli, D.",Georgetown University vs George Washington University,,,00:00:02.2,,"Frye, C.","Boselli, D.",B1,0-0,1B,2,0-0,Strike Taken,Fastball,87,,,,
234,"Frye, C. VS Boselli, D.",Georgetown University vs George Washington University,,,00:00:02.8,,"Frye, C.","Boselli, D.",B1,0-0,1B,2,0-1,Ball,Curveball,72,,,,
235,"Frye, C. VS Boselli, D.",Georgetown University vs George Washington University,,,00:00:02.3,,"Frye, C.","Boselli, D.",B1,0-0,1B,2,1-1,Foul,Fastball,86,,,,
236,"Frye, C. VS Boselli, D.",Georgetown University vs George Washington University,,,00:00:02.3,,"Frye, C.","Boselli, D.",B1,0-0,1B,2,1-2,Foul,Curveball,71,,,,
237,"Frye, C. VS Boselli, D.",Georgetown University vs George Washington University,,,00:00:06.2,,"Frye, C.","Boselli, D.",B1,0-0,1B,2,1-2,Ball,Fastball,88,,,,
238,"Frye, C. VS Boselli, D.",Georgetown University vs George Washington University,,,00:00:05.9,,"Frye, C.","Boselli, D.",B1,0-0,2B,2,2-2,BIP,Curveball,72,Fly Ball,Flyout,,
239,"Frye, C. VS Levin, N.",Georgetown University vs George Washington University,,,00:00:01.9,,"Frye, C.","Levin, N.",B2,0-0, - ,0,0-0,Ball,Fastball,83,,,,
240,"Frye, C. VS Levin, N.",Georgetown University vs George Washington University,,,00:00:02.2,,"Frye, C.","Levin, N.",B2,0-0, - ,0,1-0,Ball,Fastball,83,,,,
241,"Frye, C. VS Levin, N.",Georgetown University vs George Washington University,,,00:00:02.4,,"Frye, C.","Levin, N.",B2,0-0, - ,0,2-0,Strike Taken,Changeup,79,,,,
242,"Frye, C. VS Levin, N.",Georgetown University vs George Washington University,,,00:00:01.9,,"Frye, C.","Levin, N.",B2,0-0, - ,0,2-1,Ball,Fastball,86,,,,
243,"Frye, C. VS Levin, N.",Georgetown University vs George Washington University,,,00:00:02.3,,"Frye, C.","Levin, N.",B2,0-0, - ,0,3-1,Ball,Fastball,84,,,Walk,
244,"Frye, C. VS Biancone, J.",Georgetown University vs George Washington University,,,00:00:02.5,,"Frye, C.","Biancone, J.",B2,0-0,1B,0,0-0,Strike Taken,Fastball,84,,,,
245,"Frye, C. VS Biancone, J.",Georgetown University vs George Washington University,,,00:00:03.2,,"Frye, C.","Biancone, J.",B2,0-0,1B,0,0-1,Foul,Curveball,71,,,,
246,"Frye, C. VS Biancone, J.",Georgetown University vs George Washington University,,,00:00:02.2,,"Frye, C.","Biancone, J.",B2,0-0,1B,0,0-2,Ball,Slider,78,,,,
247,"Frye, C. VS Biancone, J.",Georgetown University vs George Washington University,,,00:00:09.4,,"Frye, C.","Biancone, J.",B2,0-0,1B,0,1-2,BIP,Fastball,87,Ground Ball,Single,,
248,"Frye, C. VS Ripp, D.",Georgetown University vs George Washington University,,,00:00:03.0,,"Frye, C.","Ripp, D.",B2,0-0,1B-2B,0,0-0,Strike Taken,Fastball,85,,,,
249,"Frye, C. VS Ripp, D.",Georgetown University vs George Washington University,,,00:00:05.3,,"Frye, C.","Ripp, D.",B2,0-0,1B-2B,0,0-1,Ball,Changeup,80,,,,
250,"Frye, C. VS Ripp, D.",Georgetown University vs George Washington University,,,00:00:13.4,,"Frye, C.","Ripp, D.",B2,0-0,2B-3B,0,1-1,BIP,Curveball,72,Fly Ball,Sacrifice Fly,,
251,"Frye, C. VS Frechette, A.",Georgetown University vs George Washington University,,,00:00:02.7,,"Frye, C.","Frechette, A.",B2,0-1,2B,1,0-0,Strike Taken,Fastball,85,,,,
252,"Frye, C. VS Frechette, A.",Georgetown University vs George Washington University,,,00:00:02.6,,"Frye, C.","Frechette, A.",B2,0-1,2B,1,0-1,Strike Taken,Curveball,69,,,,
253,"Frye, C. VS Frechette, A.",Georgetown University vs George Washington University,,,00:00:03.5,,"Frye, C.","Frechette, A.",B2,0-1,2B,1,0-2,Strike Swinging,Curveball,71,,,Strikeout,
254,"Frye, C. VS Ward, J.",Georgetown University vs George Washington University,,,00:00:01.9,,"Frye, C.","Ward, J.",B2,0-1,2B,2,0-0,Ball,Fastball,86,,,,
255,"Frye, C. VS Ward, J.",Georgetown University vs George Washington University,,,00:00:02.8,,"Frye, C.","Ward, J.",B2,0-1,2B,2,1-0,Strike Swinging,Changeup,81,,,,
256,"Frye, C. VS Ward, J.",Georgetown University vs George Washington University,,,00:00:02.3,,"Frye, C.","Ward, J.",B2,0-1,2B,2,1-1,Ball,Fastball,84,,,,
257,"Frye, C. VS Ward, J.",Georgetown University vs George Washington University,,,00:00:02.3,,"Frye, C.","Ward, J.",B2,0-1,2B,2,2-1,Ball,Curveball,72,,,,
258,"Frye, C. VS Ward, J.",Georgetown University vs George Washington University,,,00:00:01.6,,"Frye, C.","Ward, J.",B2,0-1,2B,2,3-1,Foul,Fastball,85,,,,
259,"Frye, C. VS Ward, J.",Georgetown University vs George Washington University,,,00:00:02.2,,"Frye, C.","Ward, J.",B2,0-1,2B,2,3-2,Ball,Changeup,81,,,Walk,
260,"Frye, C. VS Fergus, C.",Georgetown University vs George Washington University,,,00:00:12.3,,"Frye, C.","Fergus, C.",B2,0-1,1B-2B,2,0-0,BIP,Curveball,71,Fly Ball,Flyout,,
261,"Frye, C. VS Barmakian, S.",Georgetown University vs George Washington University,,,00:00:10.9,,"Frye, C.","Barmakian, S.",B3,0-1, - ,0,0-0,BIP,Fastball,82,Line Drive,Double,,
262,"Frye, C. VS Hix, T.",Georgetown University vs George Washington University,,,00:00:11.9,,"Frye, C.","Hix, T.",B3,0-1,2B,0,0-0,BIP,Fastball,82,Fly Ball,Flyout,,
263,"Frye, C. VS Boselli, D.",Georgetown University vs George Washington University,,,00:00:07.4,,"Frye, C.","Boselli, D.",B3,0-1,2B,1,0-0,BIP,Fastball,83,Ground Ball,Groundout,,
264,"Frye, C. VS Levin, N.",Georgetown University vs George Washington University,,,00:00:02.5,,"Frye, C.","Levin, N.",B3,0-1,2B,2,0-0,Strike Taken,Curveball,73,,,,
265,"Frye, C. VS Levin, N.",Georgetown University vs George Washington University,,,00:00:02.3,,"Frye, C.","Levin, N.",B3,0-1,2B,2,0-1,Strike Taken,Fastball,83,,,,
266,"Frye, C. VS Levin, N.",Georgetown University vs George Washington University,,,00:00:02.7,,"Frye, C.","Levin, N.",B3,0-1,2B,2,0-2,Ball,Fastball,82,,,,
267,"Frye, C. VS Levin, N.",Georgetown University vs George Washington University,,,00:00:12.7,,"Frye, C.","Levin, N.",B3,0-1,2B,2,1-2,BIP,Fastball,86,Ground Ball,Single,,
268,"Frye, C. VS Biancone, J.",Georgetown University vs George Washington University,,,00:00:05.8,,"Frye, C.","Biancone, J.",B3,0-2,1B,2,0-0,Ball,Curveball,72,,,,
269,"Frye, C. VS Biancone, J.",Georgetown University vs George Washington University,,,00:00:02.9,,"Frye, C.","Biancone, J.",B3,0-2,2B,2,1-0,Strike Taken,Curveball,74,,,,
270,"Frye, C. VS Biancone, J.",Georgetown University vs George Washington University,,,00:00:09.3,,"Frye, C.","Biancone, J.",B3,0-2,2B,2,1-1,BIP,Curveball,76,Fly Ball,Flyout,,
271,"Frye, C. VS Ripp, D.",Georgetown University vs George Washington University,,,00:00:06.1,,"Frye, C.","Ripp, D.",B4,1-2, - ,0,0-0,BIP,Fastball,82,Ground Ball,Groundout,,
272,"Frye, C. VS Frechette, A.",Georgetown University vs George Washington University,,,00:00:02.1,,"Frye, C.","Frechette, A.",B4,1-2, - ,1,0-0,Strike Taken,Fastball,81,,,,
273,"Frye, C. VS Frechette, A.",Georgetown University vs George Washington University,,,00:00:05.3,,"Frye, C.","Frechette, A.",B4,1-2, - ,1,0-1,Foul,Slider,76,,,,
274,"Frye, C. VS Frechette, A.",Georgetown University vs George Washington University,,,00:00:03.9,,"Frye, C.","Frechette, A.",B4,1-2, - ,1,0-2,Strike Swinging,Slider,77,,,Strikeout,
275,"Frye, C. VS Ward, J.",Georgetown University vs George Washington University,,,00:00:02.4,,"Frye, C.","Ward, J.",B4,1-2, - ,2,0-0,Strike Taken,Fastball,81,,,,
276,"Frye, C. VS Ward, J.",Georgetown University vs George Washington University,,,00:00:06.5,,"Frye, C.","Ward, J.",B4,1-2, - ,2,0-1,BIP,Fastball,81,Ground Ball,Groundout,,
277,"Frye, C. VS Fergus, C.",Georgetown University vs George Washington University,,,00:00:01.9,,"Frye, C.","Fergus, C.",B5,1-2, - ,0,0-0,Strike Taken,Fastball,91,,,,
278,"Frye, C. VS Fergus, C.",Georgetown University vs George Washington University,,,00:00:02.1,,"Frye, C.","Fergus, C.",B5,1-2, - ,0,0-1,Ball,Fastball,85,,,,
279,"Frye, C. VS Fergus, C.",Georgetown University vs George Washington University,,,00:00:02.3,,"Frye, C.","Fergus, C.",B5,1-2, - ,0,1-1,Ball,Curveball,75,,,,
280,"Frye, C. VS Fergus, C.",Georgetown University vs George Washington University,,,00:00:01.8,,"Frye, C.","Fergus, C.",B5,1-2, - ,0,2-1,Ball,Fastball,90,,,,
281,"Frye, C. VS Fergus, C.",Georgetown University vs George Washington University,,,00:00:02.2,,"Frye, C.","Fergus, C.",B5,1-2, - ,0,3-1,Ball,Fastball,91,,,Walk,
282,"Frye, C. VS Barmakian, S.",Georgetown University vs George Washington University,,,00:00:04.1,,"Frye, C.","Barmakian, S.",B5,1-2,1B,0,0-0,Ball,Fastball,90,,,,
283,"Frye, C. VS Barmakian, S.",Georgetown University vs George Washington University,,,00:00:02.9,,"Frye, C.","Barmakian, S.",B5,1-2,1B,0,1-0,Foul,Changeup,81,,,,
284,"Frye, C. VS Barmakian, S.",Georgetown University vs George Washington University,,,00:00:06.5,,"Frye, C.","Barmakian, S.",B5,1-2,1B,0,1-1,Strike Taken,Fastball,89,,,,
285,"Frye, C. VS Barmakian, S.",Georgetown University vs George Washington University,,,00:00:06.7,,"Frye, C.","Barmakian, S.",B5,1-2,2B,0,1-2,BIP,Changeup,82,Ground Ball,Groundout,,
286,"Frye, C. VS Hix, T.",Georgetown University vs George Washington University,,,00:00:03.3,,"Frye, C.","Hix, T.",B5,1-2,3B,1,0-0,Strike Swinging,Curveball,76,,,,
287,"Frye, C. VS Hix, T.",Georgetown University vs George Washington University,,,00:00:02.3,,"Frye, C.","Hix, T.",B5,1-2,3B,1,0-1,Ball,Fastball,91,,,,
288,"Frye, C. VS Hix, T.",Georgetown University vs George Washington University,,,00:00:02.3,,"Frye, C.","Hix, T.",B5,1-2,3B,1,1-1,Ball,Curveball,75,,,,
289,"Frye, C. VS Hix, T.",Georgetown University vs George Washington University,,,00:00:02.0,,"Frye, C.","Hix, T.",B5,1-2,3B,1,2-1,Ball,Fastball,90,,,,
290,"Frye, C. VS Hix, T.",Georgetown University vs George Washington University,,,00:00:08.9,,"Frye, C.","Hix, T.",B5,1-2,3B,1,3-1,BIP,Curveball,76,Line Drive,Single,,
291,"Frye, C. VS Boselli, D.",Georgetown University vs George Washington University,,,00:00:02.2,,"Frye, C.","Boselli, D.",B5,1-3,1B,1,0-0,Strike Taken,Fastball,90,,,,
292,"Frye, C. VS Boselli, D.",Georgetown University vs George Washington University,,,00:00:03.1,,"Frye, C.","Boselli, D.",B5,1-3,1B,1,0-1,Strike Swinging,Changeup,80,,,,
293,"Frye, C. VS Boselli, D.",Georgetown University vs George Washington University,,,00:00:01.9,,"Frye, C.","Boselli, D.",B5,1-3,1B,1,0-2,Ball,Fastball,90,,,,
294,"Frye, C. VS Boselli, D.",Georgetown University vs George Washington University,,,00:00:06.7,,"Frye, C.","Boselli, D.",B5,1-3,1B,1,1-2,Strike Swinging,Changeup,80,,,Strikeout,
295,"Frye, C. VS Levin, N.",Georgetown University vs George Washington University,,,00:00:01.9,,"Frye, C.","Levin, N.",B5,1-3,2B,2,0-0,Strike Taken,Changeup,80,,,,
296,"Frye, C. VS Levin, N.",Georgetown University vs George Washington University,,,00:00:01.9,,"Frye, C.","Levin, N.",B5,1-3,2B,2,0-1,Ball,Fastball,87,,,,
297,"Frye, C. VS Levin, N.",Georgetown University vs George Washington University,,,00:00:03.1,,"Frye, C.","Levin, N.",B5,1-3,2B,2,1-1,Foul,Changeup,82,,,,
298,"Frye, C. VS Levin, N.",Georgetown University vs George Washington University,,,00:00:03.8,,"Frye, C.","Levin, N.",B5,1-3,2B,2,1-2,Strike Swinging,Curveball,76,,,Strikeout,
299,"Frye, C. VS Biancone, J.",Georgetown University vs George Washington University,,,00:00:02.0,,"Frye, C.","Biancone, J.",B6,1-3, - ,0,0-0,Strike Taken,Fastball,88,,,,
300,"Frye, C. VS Biancone, J.",Georgetown University vs George Washington University,,,00:00:06.9,,"Frye, C.","Biancone, J.",B6,1-3, - ,0,0-1,BIP,Curveball,74,Ground Ball,Groundout,,
301,"Frye, C. VS Ripp, D.",Georgetown University vs George Washington University,,,00:00:02.3,,"Frye, C.","Ripp, D.",B6,1-3, - ,1,0-0,Strike Taken,Fastball,87,,,,
302,"Frye, C. VS Ripp, D.",Georgetown University vs George Washington University,,,00:00:01.7,,"Frye, C.","Ripp, D.",B6,1-3, - ,1,0-1,Ball,Changeup,79,,,,
303,"Frye, C. VS Ripp, D.",Georgetown University vs George Washington University,,,00:00:02.3,,"Frye, C.","Ripp, D.",B6,1-3, - ,1,1-1,Ball,Changeup,81,,,,
304,"Frye, C. VS Ripp, D.",Georgetown University vs George Washington University,,,00:00:01.7,,"Frye, C.","Ripp, D.",B6,1-3, - ,1,2-1,Ball,Fastball,90,,,,
305,"Frye, C. VS Ripp, D.",Georgetown University vs George Washington University,,,00:00:07.3,,"Frye, C.","Ripp, D.",B6,1-3, - ,1,3-1,Strike Swinging,Fastball,88,,,,
306,"Frye, C. VS Ripp, D.",Georgetown University vs George Washington University,,,00:00:08.3,,"Frye, C.","Ripp, D.",B6,1-3, - ,1,3-2,BIP,Changeup,82,Fly Ball,Flyout,,
307,"Frye, C. VS Frechette, A.",Georgetown University vs George Washington University,,,00:00:02.2,,"Frye, C.","Frechette, A.",B6,1-3, - ,2,0-0,Strike Taken,Curveball,75,,,,
308,"Frye, C. VS Frechette, A.",Georgetown University vs George Washington University,,,00:00:01.7,,"Frye, C.","Frechette, A.",B6,1-3, - ,2,0-1,Ball,Fastball,89,,,,
309,"Frye, C. VS Frechette, A.",Georgetown University vs George Washington University,,,00:00:02.0,,"Frye, C.","Frechette, A.",B6,1-3, - ,2,1-1,Ball,Changeup,81,,,,
310,"Frye, C. VS Frechette, A.",Georgetown University vs George Washington University,,,00:00:02.1,,"Frye, C.","Frechette, A.",B6,1-3, - ,2,2-1,Ball,Fastball,87,,,,
311,"Frye, C. VS Frechette, A.",Georgetown University vs George Washington University,,,00:00:02.3,,"Frye, C.","Frechette, A.",B6,1-3, - ,2,3-1,Strike Taken,Fastball,90,,,,
312,"Frye, C. VS Frechette, A.",Georgetown University vs George Washington University,,,00:00:07.1,,"Frye, C.","Frechette, A.",B6,1-3, - ,2,3-2,BIP,Fastball,90,Ground Ball,Groundout,,
